"Longitude (x)","Latitude (y)","Station Name","Climate ID","Date/Time","Year","Month","Day","Data Quality","Max Temp (°C)","Max Temp Flag","Min Temp (°C)","Min Temp Flag","Mean Temp (°C)","Mean Temp Flag","Heat Deg Days (°C)","Heat Deg Days Flag","Cool Deg Days (°C)","Cool Deg Days Flag","Total Rain (mm)","Total Rain Flag","Total Snow (cm)","Total Snow Flag","Total Precip (mm)","Total Precip Flag","Snow on Grnd (cm)","Snow on Grnd Flag","Dir of Max Gust (10s deg)","Dir of Max Gust Flag","Spd of Max Gust (km/h)","Spd of Max Gust Flag"
"-123.53","48.57","MALAHAT","1014820","2011-01-01","2011","01","01","","-0.8","","-4.4","","-2.6","","20.6","","0.0","","","M","","M","","M","","","","M","","M"
"-123.53","48.57","MALAHAT","1014820","2011-01-02","2011","01","02","","0.9","","-3.7","","-1.4","","19.4","","0.0","","","M","","M","","M","","","","M","","M"
"-123.53","48.57","MALAHAT","1014820","2011-01-03","2011","01","03","","1.4","","-2.9","","-0.8","","18.8","","0.0","","","M","","M","","M","","","","M","","M"
"-123.53","48.57","MALAHAT","1014820","2011-01-04","2011","01","04","","1.4","","-1.0","","0.2","","17.8","","0.0","","","M","","M","","M","","","","M","","M"
"-123.53","48.57","MALAHAT","1014820","2011-01-05","2011","01","05","","5.3","","-0.1","","2.6","","15.4","","0.0","","","M","","M","","M","","","","M","","M"
"-123.53","48.57","MALAHAT","1014820","2011-01-06","2011","01","06","","5.7","","3.5","","4.6","","13.4","","0.0","","","M","","M","","M","","","","M","","M"
"-123.53","48.57","MALAHAT","1014820","2011-01-07","2011","01","07","","6.4","","0.7","","3.6","","14.4","","0.0","","","M","","M","","M","","","","M","","M"
"-123.53","48.57","MALAHAT","1014820","2011-01-08","2011","01","08","","4.8","","-0.6","","2.1","","15.9","","0.0","","","M","","M","","M","","","","M","","M"
"-123.53","48.57","MALAHAT","1014820","2011-01-09","2011","01","09","","0.4","","-3.6","","-1.6","","19.6","","0.0","","","M","","M","","M","","","","M","","M"
"-123.53","48.57","MALAHAT","1014820","2011-01-10","2011","01","10","","-2.0","","-4.1","","-3.1","","21.1","","0.0","","","M","","M","","M","","","","M","","M"
"-123.53","48.57","MALAHAT","1014820","2011-01-11","2011","01","11","","-0.5","","-3.1","","-1.8","","19.8","","0.0","","","M","","M","","M","","","","M","","M"
"-123.53","48.57","MALAHAT","1014820","2011-01-12","2011","01","12","","5.4","","-2.2","","1.6","","16.4","","0.0","","","M","","M","","M","","","","M","","M"
"-123.53","48.57","MALAHAT","1014820","2011-01-13","2011","01","13","","7.6","","2.1","","4.9","","13.1","","0.0","","","M","","M","","M","","","","M","","M"
"-123.53","48.57","MALAHAT","1014820","2011-01-14","2011","01","14","","9.9","","5.7","","7.8","","10.2","","0.0","","","M","","M","","M","","","","M","","M"
"-123.53","48.57","MALAHAT","1014820","2011-01-15","2011","01","15","","9.3","","5.9","","7.6","","10.4","","0.0","","","M","","M","","M","","","","M","","M"
"-123.53","48.57","MALAHAT","1014820","2011-01-16","2011","01","16","","10.2","","6.4","","8.3","","9.7","","0.0","","","M","","M","","M","","","","M","","M"
"-123.53","48.57","MALAHAT","1014820","2011-01-17","2011","01","17","","8.1","","2.3","","5.2","","12.8","","0.0","","","M","","M","","M","","","","M","","M"
"-123.53","48.57","MALAHAT","1014820","2011-01-18","2011","01","18","","3.0","","-1.0","","1.0","","17.0","","0.0","","","M","","M","","M","","","","M","","M"
"-123.53","48.57","MALAHAT","1014820","2011-01-19","2011","01","19","","3.7","","-1.0","","1.4","","16.6","","0.0","","","M","","M","","M","","","","M","","M"
"-123.53","48.57","MALAHAT","1014820","2011-01-20","2011","01","20","","2.5","","1.2","","1.9","","16.1","","0.0","","","M","","M","","M","","","","M","","M"
"-123.53","48.57","MALAHAT","1014820","2011-01-21","2011","01","21","","8.9","","2.4","","5.7","","12.3","","0.0","","","M","","M","","M","","","","M","","M"
"-123.53","48.57","MALAHAT","1014820","2011-01-22","2011","01","22","","5.0","","1.9","","3.5","","14.5","","0.0","","","M","","M","","M","","","","M","","M"
"-123.53","48.57","MALAHAT","1014820","2011-01-23","2011","01","23","","5.2","","3.2","","4.2","","13.8","","0.0","","","M","","M","","M","","","","M","","M"
"-123.53","48.57","MALAHAT","1014820","2011-01-24","2011","01","24","","7.2","","4.4","","5.8","","12.2","","0.0","","","M","","M","","M","","","","M","","M"
"-123.53","48.57","MALAHAT","1014820","2011-01-25","2011","01","25","","7.3","","4.8","","6.1","","11.9","","0.0","","","M","","M","","M","","","","M","","M"
"-123.53","48.57","MALAHAT","1014820","2011-01-26","2011","01","26","","7.2","","5.2","","6.2","","11.8","","0.0","","","M","","M","","M","","","","M","","M"
"-123.53","48.57","MALAHAT","1014820","2011-01-27","2011","01","27","","10.4","","2.3","","6.4","","11.6","","0.0","","","M","","M","","M","","","","M","","M"
"-123.53","48.57","MALAHAT","1014820","2011-01-28","2011","01","28","","7.2","","2.0","","4.6","","13.4","","0.0","","","M","","M","","M","","","","M","","M"
"-123.53","48.57","MALAHAT","1014820","2011-01-29","2011","01","29","","7.2","","0.6","","3.9","","14.1","","0.0","","","M","","M","","M","","","","M","","M"
"-123.53","48.57","MALAHAT","1014820","2011-01-30","2011","01","30","","1.7","","-2.4","","-0.4","","18.4","","0.0","","","M","","M","","M","","","","M","","M"
"-123.53","48.57","MALAHAT","1014820","2011-01-31","2011","01","31","","0.9","","-2.4","","-0.8","","18.8","","0.0","","","M","","M","","M","","","","M","","M"
"-123.53","48.57","MALAHAT","1014820","2011-02-01","2011","02","01","","1.8","","-2.9","","-0.6","","18.6","","0.0","","","M","","M","","M","","","","M","","M"
"-123.53","48.57","MALAHAT","1014820","2011-02-02","2011","02","02","","4.6","","-1.5","","1.6","","16.4","","0.0","","","M","","M","","M","","","","M","","M"
"-123.53","48.57","MALAHAT","1014820","2011-02-03","2011","02","03","","6.5","","2.2","","4.4","","13.6","","0.0","","","M","","M","","M","","","","M","","M"
"-123.53","48.57","MALAHAT","1014820","2011-02-04","2011","02","04","","10.1","","4.7","","7.4","","10.6","","0.0","","","M","","M","","M","","","","M","","M"
"-123.53","48.57","MALAHAT","1014820","2011-02-05","2011","02","05","","6.2","","3.7","","5.0","","13.0","","0.0","","","M","","M","","M","","","","M","","M"
"-123.53","48.57","MALAHAT","1014820","2011-02-06","2011","02","06","","7.1","","2.9","","5.0","","13.0","","0.0","","","M","","M","","M","","","","M","","M"
"-123.53","48.57","MALAHAT","1014820","2011-02-07","2011","02","07","","6.4","","1.1","","3.8","","14.2","","0.0","","","M","","M","","M","","","","M","","M"
"-123.53","48.57","MALAHAT","1014820","2011-02-08","2011","02","08","","4.5","","-0.4","","2.1","","15.9","","0.0","","","M","","M","","M","","","","M","","M"
"-123.53","48.57","MALAHAT","1014820","2011-02-09","2011","02","09","","3.5","","-1.3","","1.1","","16.9","","0.0","","","M","","M","","M","","","","M","","M"
"-123.53","48.57","MALAHAT","1014820","2011-02-10","2011","02","10","","3.5","","-1.6","","1.0","","17.0","","0.0","","","M","","M","","M","","","","M","","M"
"-123.53","48.57","MALAHAT","1014820","2011-02-11","2011","02","11","","3.8","","0.7","","2.3","","15.7","","0.0","","","M","","M","","M","","","","M","","M"
"-123.53","48.57","MALAHAT","1014820","2011-02-12","2011","02","12","","6.2","","2.5","","4.4","","13.6","","0.0","","","M","","M","","M","","","","M","","M"
"-123.53","48.57","MALAHAT","1014820","2011-02-13","2011","02","13","","6.2","","2.1","","4.2","","13.8","","0.0","","","M","","M","","M","","","","M","","M"
"-123.53","48.57","MALAHAT","1014820","2011-02-14","2011","02","14","","6.5","","2.4","","4.5","","13.5","","0.0","","","M","","M","","M","","","","M","","M"
"-123.53","48.57","MALAHAT","1014820","2011-02-15","2011","02","15","","4.6","","0.7","","2.7","","15.3","","0.0","","","M","","M","","M","","","","M","","M"
"-123.53","48.57","MALAHAT","1014820","2011-02-16","2011","02","16","","3.5","","-0.5","","1.5","","16.5","","0.0","","","M","","M","","M","","","","M","","M"
"-123.53","48.57","MALAHAT","1014820","2011-02-17","2011","02","17","","2.5","","-0.8","","0.9","","17.1","","0.0","","","M","","M","","M","","","","M","","M"
"-123.53","48.57","MALAHAT","1014820","2011-02-18","2011","02","18","","5.6","","-0.7","","2.5","","15.5","","0.0","","","M","","M","","M","","","","M","","M"
"-123.53","48.57","MALAHAT","1014820","2011-02-19","2011","02","19","","3.8","","-1.9","","1.0","","17.0","","0.0","","","M","","M","","M","","","","M","","M"
"-123.53","48.57","MALAHAT","1014820","2011-02-20","2011","02","20","","3.1","","-3.1","","0.0","","18.0","","0.0","","","M","","M","","M","","","","M","","M"
"-123.53","48.57","MALAHAT","1014820","2011-02-21","2011","02","21","","3.2","","-1.5","","0.9","","17.1","","0.0","","","M","","M","","M","","","","M","","M"
"-123.53","48.57","MALAHAT","1014820","2011-02-22","2011","02","22","","4.0","","-1.4","","1.3","","16.7","","0.0","","","M","","M","","M","","","","M","","M"
"-123.53","48.57","MALAHAT","1014820","2011-02-23","2011","02","23","","-0.3","","-6.3","","-3.3","","21.3","","0.0","","","M","","M","","M","","","","M","","M"
"-123.53","48.57","MALAHAT","1014820","2011-02-24","2011","02","24","","-3.6","","-7.4","","-5.5","","23.5","","0.0","","","M","","M","","M","","","","M","","M"
"-123.53","48.57","MALAHAT","1014820","2011-02-25","2011","02","25","","-2.5","","-10.4","","-6.5","","24.5","","0.0","","","M","","M","","M","","","","M","","M"
"-123.53","48.57","MALAHAT","1014820","2011-02-26","2011","02","26","","-1.1","","-6.8","","-4.0","","22.0","","0.0","","","M","","M","","M","","","","M","","M"
"-123.53","48.57","MALAHAT","1014820","2011-02-27","2011","02","27","","1.7","","-1.8","","-0.1","","18.1","","0.0","","","M","","M","","M","","","","M","","M"
"-123.53","48.57","MALAHAT","1014820","2011-02-28","2011","02","28","","3.2","","-1.8","","0.7","","17.3","","0.0","","","M","","M","","M","","","","M","","M"
"-123.53","48.57","MALAHAT","1014820","2011-03-01","2011","03","01","","1.6","","-2.0","","-0.2","","18.2","","0.0","","","M","","M","","M","","","","M","","M"
"-123.53","48.57","MALAHAT","1014820","2011-03-02","2011","03","02","","5.6","","-0.1","","2.8","","15.2","","0.0","","","M","","M","","M","","","","M","","M"
"-123.53","48.57","MALAHAT","1014820","2011-03-03","2011","03","03","","6.1","","-0.4","","2.9","","15.1","","0.0","","","M","","M","","M","","","","M","","M"
"-123.53","48.57","MALAHAT","1014820","2011-03-04","2011","03","04","","3.3","","-0.7","","1.3","","16.7","","0.0","","","M","","M","","M","","","","M","","M"
"-123.53","48.57","MALAHAT","1014820","2011-03-05","2011","03","05","","6.1","","0.9","","3.5","","14.5","","0.0","","","M","","M","","M","","","","M","","M"
"-123.53","48.57","MALAHAT","1014820","2011-03-06","2011","03","06","","4.8","","0.7","","2.8","","15.2","","0.0","","","M","","M","","M","","","","M","","M"
"-123.53","48.57","MALAHAT","1014820","2011-03-07","2011","03","07","","4.4","","-0.4","","2.0","","16.0","","0.0","","","M","","M","","M","","","","M","","M"
"-123.53","48.57","MALAHAT","1014820","2011-03-08","2011","03","08","","6.4","","1.2","","3.8","","14.2","","0.0","","","M","","M","","M","","","","M","","M"
"-123.53","48.57","MALAHAT","1014820","2011-03-09","2011","03","09","","9.5","","2.9","","6.2","","11.8","","0.0","","","M","","M","","M","","","","M","","M"
"-123.53","48.57","MALAHAT","1014820","2011-03-10","2011","03","10","","8.0","","2.3","","5.2","","12.8","","0.0","","","M","","M","","M","","","","M","","M"
"-123.53","48.57","MALAHAT","1014820","2011-03-11","2011","03","11","","5.3","","1.5","","3.4","","14.6","","0.0","","","M","","M","","M","","","","M","","M"
"-123.53","48.57","MALAHAT","1014820","2011-03-12","2011","03","12","","8.0","","3.5","","5.8","","12.2","","0.0","","","M","","M","","M","","","","M","","M"
"-123.53","48.57","MALAHAT","1014820","2011-03-13","2011","03","13","","7.7","","3.6","","5.7","","12.3","","0.0","","","M","","M","","M","","","","M","","M"
"-123.53","48.57","MALAHAT","1014820","2011-03-14","2011","03","14","","8.0","","1.9","","5.0","","13.0","","0.0","","","M","","M","","M","","","","M","","M"
"-123.53","48.57","MALAHAT","1014820","2011-03-15","2011","03","15","","8.8","","3.3","","6.1","","11.9","","0.0","","","M","","M","","M","","","","M","","M"
"-123.53","48.57","MALAHAT","1014820","2011-03-16","2011","03","16","","6.7","","1.7","","4.2","","13.8","","0.0","","","M","","M","","M","","","","M","","M"
"-123.53","48.57","MALAHAT","1014820","2011-03-17","2011","03","17","","6.1","","0.4","","3.3","","14.7","","0.0","","","M","","M","","M","","","","M","","M"
"-123.53","48.57","MALAHAT","1014820","2011-03-18","2011","03","18","","6.3","","2.2","","4.3","","13.7","","0.0","","","M","","M","","M","","","","M","","M"
"-123.53","48.57","MALAHAT","1014820","2011-03-19","2011","03","19","","7.6","","1.8","","4.7","","13.3","","0.0","","","M","","M","","M","","","","M","","M"
"-123.53","48.57","MALAHAT","1014820","2011-03-20","2011","03","20","","7.9","","1.6","","4.8","","13.2","","0.0","","","M","","M","","M","","","","M","","M"
"-123.53","48.57","MALAHAT","1014820","2011-03-21","2011","03","21","","7.4","","2.8","","5.1","","12.9","","0.0","","","M","","M","","M","","","","M","","M"
"-123.53","48.57","MALAHAT","1014820","2011-03-22","2011","03","22","","7.3","","1.4","","4.4","","13.6","","0.0","","","M","","M","","M","","","","M","","M"
"-123.53","48.57","MALAHAT","1014820","2011-03-23","2011","03","23","","8.9","","1.2","","5.1","","12.9","","0.0","","","M","","M","","M","","","","M","","M"
"-123.53","48.57","MALAHAT","1014820","2011-03-24","2011","03","24","","11.3","","4.7","","8.0","","10.0","","0.0","","","M","","M","","M","","","","M","","M"
"-123.53","48.57","MALAHAT","1014820","2011-03-25","2011","03","25","","7.4","","3.3","","5.4","","12.6","","0.0","","","M","","M","","M","","","","M","","M"
"-123.53","48.57","MALAHAT","1014820","2011-03-26","2011","03","26","","9.6","","2.9","","6.3","","11.7","","0.0","","","M","","M","","M","","","","M","","M"
"-123.53","48.57","MALAHAT","1014820","2011-03-27","2011","03","27","","6.6","","3.1","","4.9","","13.1","","0.0","","","M","","M","","M","","","","M","","M"
"-123.53","48.57","MALAHAT","1014820","2011-03-28","2011","03","28","","8.9","","3.1","","6.0","","12.0","","0.0","","","M","","M","","M","","","","M","","M"
"-123.53","48.57","MALAHAT","1014820","2011-03-29","2011","03","29","","7.5","","3.6","","5.6","","12.4","","0.0","","","M","","M","","M","","","","M","","M"
"-123.53","48.57","MALAHAT","1014820","2011-03-30","2011","03","30","","9.5","","5.2","","7.4","","10.6","","0.0","","","M","","M","","M","","","","M","","M"
"-123.53","48.57","MALAHAT","1014820","2011-03-31","2011","03","31","","11.3","","5.5","","8.4","","9.6","","0.0","","","M","","M","","M","","","","M","","M"
"-123.53","48.57","MALAHAT","1014820","2011-04-01","2011","04","01","","5.9","","1.7","","3.8","","14.2","","0.0","","","M","","M","","M","","","","M","","M"
"-123.53","48.57","MALAHAT","1014820","2011-04-02","2011","04","02","","9.0","","2.5","","5.8","","12.2","","0.0","","","M","","M","","M","","","","M","","M"
"-123.53","48.57","MALAHAT","1014820","2011-04-03","2011","04","03","","6.4","","2.2","","4.3","","13.7","","0.0","","","M","","M","","M","","","","M","","M"
"-123.53","48.57","MALAHAT","1014820","2011-04-04","2011","04","04","","4.6","","2.3","","3.5","","14.5","","0.0","","","M","","M","","M","","","","M","","M"
"-123.53","48.57","MALAHAT","1014820","2011-04-05","2011","04","05","","6.9","","1.0","","4.0","","14.0","","0.0","","","M","","M","","M","","","","M","","M"
"-123.53","48.57","MALAHAT","1014820","2011-04-06","2011","04","06","","7.3","","0.5","","3.9","","14.1","","0.0","","","M","","M","","M","","","","M","","M"
"-123.53","48.57","MALAHAT","1014820","2011-04-07","2011","04","07","","8.7","","0.7","","4.7","","13.3","","0.0","","","M","","M","","M","","","","M","","M"
"-123.53","48.57","MALAHAT","1014820","2011-04-08","2011","04","08","","10.9","","1.9","","6.4","","11.6","","0.0","","","M","","M","","M","","","","M","","M"
"-123.53","48.57","MALAHAT","1014820","2011-04-09","2011","04","09","","10.5","","5.3","","7.9","","10.1","","0.0","","","M","","M","","M","","","","M","","M"
"-123.53","48.57","MALAHAT","1014820","2011-04-10","2011","04","10","","8.6","","4.1","","6.4","","11.6","","0.0","","","M","","M","","M","","","","M","","M"
"-123.53","48.57","MALAHAT","1014820","2011-04-11","2011","04","11","","7.3","","1.1","","4.2","","13.8","","0.0","","","M","","M","","M","","","","M","","M"
"-123.53","48.57","MALAHAT","1014820","2011-04-12","2011","04","12","","8.0","","1.3","","4.7","","13.3","","0.0","","","M","","M","","M","","","","M","","M"
"-123.53","48.57","MALAHAT","1014820","2011-04-13","2011","04","13","","7.7","","1.2","","4.5","","13.5","","0.0","","","M","","M","","M","","","","M","","M"
"-123.53","48.57","MALAHAT","1014820","2011-04-14","2011","04","14","","4.0","","-0.3","","1.9","","16.1","","0.0","","","M","","M","","M","","","","M","","M"
"-123.53","48.57","MALAHAT","1014820","2011-04-15","2011","04","15","","4.9","","-0.1","","2.4","","15.6","","0.0","","","M","","M","","M","","","","M","","M"
"-123.53","48.57","MALAHAT","1014820","2011-04-16","2011","04","16","","9.5","","1.3","","5.4","","12.6","","0.0","","","M","","M","","M","","","","M","","M"
"-123.53","48.57","MALAHAT","1014820","2011-04-17","2011","04","17","","8.3","","0.9","","4.6","","13.4","","0.0","","","M","","M","","M","","","","M","","M"
"-123.53","48.57","MALAHAT","1014820","2011-04-18","2011","04","18","","9.1","","1.2","","5.2","","12.8","","0.0","","","M","","M","","M","","","","M","","M"
"-123.53","48.57","MALAHAT","1014820","2011-04-19","2011","04","19","","8.9","","1.0","","5.0","","13.0","","0.0","","","M","","M","","M","","","","M","","M"
"-123.53","48.57","MALAHAT","1014820","2011-04-20","2011","04","20","","9.0","","1.1","","5.1","","12.9","","0.0","","","M","","M","","M","","","","M","","M"
"-123.53","48.57","MALAHAT","1014820","2011-04-21","2011","04","21","","9.1","","0.7","","4.9","","13.1","","0.0","","","M","","M","","M","","","","M","","M"
"-123.53","48.57","MALAHAT","1014820","2011-04-22","2011","04","22","","10.7","","1.9","","6.3","","11.7","","0.0","","","M","","M","","M","","","","M","","M"
"-123.53","48.57","MALAHAT","1014820","2011-04-23","2011","04","23","","13.1","","4.1","","8.6","","9.4","","0.0","","","M","","M","","M","","","","M","","M"
"-123.53","48.57","MALAHAT","1014820","2011-04-24","2011","04","24","","9.5","","5.4","","7.5","","10.5","","0.0","","","M","","M","","M","","","","M","","M"
"-123.53","48.57","MALAHAT","1014820","2011-04-25","2011","04","25","","8.0","","4.1","","6.1","","11.9","","0.0","","","M","","M","","M","","","","M","","M"
"-123.53","48.57","MALAHAT","1014820","2011-04-26","2011","04","26","","13.2","","2.9","","8.1","","9.9","","0.0","","","M","","M","","M","","","","M","","M"
"-123.53","48.57","MALAHAT","1014820","2011-04-27","2011","04","27","","8.9","","1.4","","5.2","","12.8","","0.0","","","M","","M","","M","","","","M","","M"
"-123.53","48.57","MALAHAT","1014820","2011-04-28","2011","04","28","","8.0","","0.7","","4.4","","13.6","","0.0","","","M","","M","","M","","","","M","","M"
"-123.53","48.57","MALAHAT","1014820","2011-04-29","2011","04","29","","11.0","","1.7","","6.4","","11.6","","0.0","","","M","","M","","M","","","","M","","M"
"-123.53","48.57","MALAHAT","1014820","2011-04-30","2011","04","30","","13.0","","3.8","","8.4","","9.6","","0.0","","","M","","M","","M","","","","M","","M"
"-123.53","48.57","MALAHAT","1014820","2011-05-01","2011","05","01","","12.8","","4.6","","8.7","","9.3","","0.0","","","M","","M","","M","","","","M","","M"
"-123.53","48.57","MALAHAT","1014820","2011-05-02","2011","05","02","","9.6","","4.5","","7.1","","10.9","","0.0","","","M","","M","","M","","","","M","","M"
"-123.53","48.57","MALAHAT","1014820","2011-05-03","2011","05","03","","11.7","","4.4","","8.1","","9.9","","0.0","","","M","","M","","M","","","","M","","M"
"-123.53","48.57","MALAHAT","1014820","2011-05-04","2011","05","04","","12.8","","4.6","","8.7","","9.3","","0.0","","","M","","M","","M","","","","M","","M"
"-123.53","48.57","MALAHAT","1014820","2011-05-05","2011","05","05","","13.6","","5.1","","9.4","","8.6","","0.0","","","M","","M","","M","","","","M","","M"
"-123.53","48.57","MALAHAT","1014820","2011-05-06","2011","05","06","","7.7","","5.1","","6.4","","11.6","","0.0","","","M","","M","","M","","","","M","","M"
"-123.53","48.57","MALAHAT","1014820","2011-05-07","2011","05","07","","9.8","","5.0","","7.4","","10.6","","0.0","","","M","","M","","M","","","","M","","M"
"-123.53","48.57","MALAHAT","1014820","2011-05-08","2011","05","08","","11.7","","3.7","","7.7","","10.3","","0.0","","","M","","M","","M","","","","M","","M"
"-123.53","48.57","MALAHAT","1014820","2011-05-09","2011","05","09","","13.7","","7.7","","10.7","","7.3","","0.0","","","M","","M","","M","","","","M","","M"
"-123.53","48.57","MALAHAT","1014820","2011-05-10","2011","05","10","","14.8","","5.8","","10.3","","7.7","","0.0","","","M","","M","","M","","","","M","","M"
"-123.53","48.57","MALAHAT","1014820","2011-05-11","2011","05","11","","8.4","","3.8","","6.1","","11.9","","0.0","","","M","","M","","M","","","","M","","M"
"-123.53","48.57","MALAHAT","1014820","2011-05-12","2011","05","12","","12.6","","2.9","","7.8","","10.2","","0.0","","","M","","M","","M","","","","M","","M"
"-123.53","48.57","MALAHAT","1014820","2011-05-13","2011","05","13","","15.7","","3.7","","9.7","","8.3","","0.0","","","M","","M","","M","","","","M","","M"
"-123.53","48.57","MALAHAT","1014820","2011-05-14","2011","05","14","","15.8","","9.2","","12.5","","5.5","","0.0","","","M","","M","","M","","","","M","","M"
"-123.53","48.57","MALAHAT","1014820","2011-05-15","2011","05","15","","10.5","","6.8","","8.7","","9.3","","0.0","","","M","","M","","M","","","","M","","M"
"-123.53","48.57","MALAHAT","1014820","2011-05-16","2011","05","16","","11.0","","6.1","","8.6","","9.4","","0.0","","","M","","M","","M","","","","M","","M"
"-123.53","48.57","MALAHAT","1014820","2011-05-17","2011","05","17","","12.9","","3.9","","8.4","","9.6","","0.0","","","M","","M","","M","","","","M","","M"
"-123.53","48.57","MALAHAT","1014820","2011-05-18","2011","05","18","","15.4","","6.4","","10.9","","7.1","","0.0","","","M","","M","","M","","","","M","","M"
"-123.53","48.57","MALAHAT","1014820","2011-05-19","2011","05","19","","17.1","","8.4","","12.8","","5.2","","0.0","","","M","","M","","M","","","","M","","M"
"-123.53","48.57","MALAHAT","1014820","2011-05-20","2011","05","20","","19.2","","10.7","","15.0","","3.0","","0.0","","","M","","M","","M","","","","M","","M"
"-123.53","48.57","MALAHAT","1014820","2011-05-21","2011","05","21","","12.3","","8.4","","10.4","","7.6","","0.0","","","M","","M","","M","","","","M","","M"
"-123.53","48.57","MALAHAT","1014820","2011-05-22","2011","05","22","","14.2","","6.8","","10.5","","7.5","","0.0","","","M","","M","","M","","","","M","","M"
"-123.53","48.57","MALAHAT","1014820","2011-05-23","2011","05","23","","14.5","","6.8","","10.7","","7.3","","0.0","","","M","","M","","M","","","","M","","M"
"-123.53","48.57","MALAHAT","1014820","2011-05-24","2011","05","24","","16.0","","6.7","","11.4","","6.6","","0.0","","","M","","M","","M","","","","M","","M"
"-123.53","48.57","MALAHAT","1014820","2011-05-25","2011","05","25","","11.5","","7.5","","9.5","","8.5","","0.0","","","M","","M","","M","","","","M","","M"
"-123.53","48.57","MALAHAT","1014820","2011-05-26","2011","05","26","","11.6","","5.7","","8.7","","9.3","","0.0","","","M","","M","","M","","","","M","","M"
"-123.53","48.57","MALAHAT","1014820","2011-05-27","2011","05","27","","13.1","","5.4","","9.3","","8.7","","0.0","","","M","","M","","M","","","","M","","M"
"-123.53","48.57","MALAHAT","1014820","2011-05-28","2011","05","28","","12.9","","5.6","","9.3","","8.7","","0.0","","","M","","M","","M","","","","M","","M"
"-123.53","48.57","MALAHAT","1014820","2011-05-29","2011","05","29","","16.3","","7.8","","12.1","","5.9","","0.0","","","M","","M","","M","","","","M","","M"
"-123.53","48.57","MALAHAT","1014820","2011-05-30","2011","05","30","","14.4","","7.8","","11.1","","6.9","","0.0","","","M","","M","","M","","","","M","","M"
"-123.53","48.57","MALAHAT","1014820","2011-05-31","2011","05","31","","15.5","","7.9","","11.7","","6.3","","0.0","","","M","","M","","M","","","","M","","M"
"-123.53","48.57","MALAHAT","1014820","2011-06-01","2011","06","01","","16.0","","9.1","","12.6","","5.4","","0.0","","","M","","M","","M","","","","M","","M"
"-123.53","48.57","MALAHAT","1014820","2011-06-02","2011","06","02","","11.4","","7.6","","9.5","","8.5","","0.0","","","M","","M","","M","","","","M","","M"
"-123.53","48.57","MALAHAT","1014820","2011-06-03","2011","06","03","","17.0","","7.6","","12.3","","5.7","","0.0","","","M","","M","","M","","","","M","","M"
"-123.53","48.57","MALAHAT","1014820","2011-06-04","2011","06","04","","19.6","","10.6","","15.1","","2.9","","0.0","","","M","","M","","M","","","","M","","M"
"-123.53","48.57","MALAHAT","1014820","2011-06-05","2011","06","05","","21.0","","11.7","","16.4","","1.6","","0.0","","","M","","M","","M","","","","M","","M"
"-123.53","48.57","MALAHAT","1014820","2011-06-06","2011","06","06","","20.5","","11.7","","16.1","","1.9","","0.0","","","M","","M","","M","","","","M","","M"
"-123.53","48.57","MALAHAT","1014820","2011-06-07","2011","06","07","","16.2","","8.9","","12.6","","5.4","","0.0","","","M","","M","","M","","","","M","","M"
"-123.53","48.57","MALAHAT","1014820","2011-06-08","2011","06","08","","17.8","","8.6","","13.2","","4.8","","0.0","","","M","","M","","M","","","","M","","M"
"-123.53","48.57","MALAHAT","1014820","2011-06-09","2011","06","09","","17.3","","8.9","","13.1","","4.9","","0.0","","","M","","M","","M","","","","M","","M"
"-123.53","48.57","MALAHAT","1014820","2011-06-10","2011","06","10","","17.3","","9.2","","13.3","","4.7","","0.0","","","M","","M","","M","","","","M","","M"
"-123.53","48.57","MALAHAT","1014820","2011-06-11","2011","06","11","","17.0","","9.0","","13.0","","5.0","","0.0","","","M","","M","","M","","","","M","","M"
"-123.53","48.57","MALAHAT","1014820","2011-06-12","2011","06","12","","18.9","","9.4","","14.2","","3.8","","0.0","","","M","","M","","M","","","","M","","M"
"-123.53","48.57","MALAHAT","1014820","2011-06-13","2011","06","13","","16.3","","8.3","","12.3","","5.7","","0.0","","","M","","M","","M","","","","M","","M"
"-123.53","48.57","MALAHAT","1014820","2011-06-14","2011","06","14","","15.4","","7.6","","11.5","","6.5","","0.0","","","M","","M","","M","","","","M","","M"
"-123.53","48.57","MALAHAT","1014820","2011-06-15","2011","06","15","","15.1","","8.2","","11.7","","6.3","","0.0","","","M","","M","","M","","","","M","","M"
"-123.53","48.57","MALAHAT","1014820","2011-06-16","2011","06","16","","17.4","","8.0","","12.7","","5.3","","0.0","","","M","","M","","M","","","","M","","M"
"-123.53","48.57","MALAHAT","1014820","2011-06-17","2011","06","17","","18.2","","7.6","","12.9","","5.1","","0.0","","","M","","M","","M","","","","M","","M"
"-123.53","48.57","MALAHAT","1014820","2011-06-18","2011","06","18","","14.1","","9.8","","12.0","","6.0","","0.0","","","M","","M","","M","","","","M","","M"
"-123.53","48.57","MALAHAT","1014820","2011-06-19","2011","06","19","","17.5","","11.2","","14.4","","3.6","","0.0","","","M","","M","","M","","","","M","","M"
"-123.53","48.57","MALAHAT","1014820","2011-06-20","2011","06","20","","18.7","","9.8","","14.3","","3.7","","0.0","","","M","","M","","M","","","","M","","M"
"-123.53","48.57","MALAHAT","1014820","2011-06-21","2011","06","21","","20.9","","12.1","","16.5","","1.5","","0.0","","","M","","M","","M","","","","M","","M"
"-123.53","48.57","MALAHAT","1014820","2011-06-22","2011","06","22","","21.8","","8.8","","15.3","","2.7","","0.0","","","M","","M","","M","","","","M","","M"
"-123.53","48.57","MALAHAT","1014820","2011-06-23","2011","06","23","","17.6","","7.9","","12.8","","5.2","","0.0","","","M","","M","","M","","","","M","","M"
"-123.53","48.57","MALAHAT","1014820","2011-06-24","2011","06","24","","15.4","","8.7","","12.1","","5.9","","0.0","","","M","","M","","M","","","","M","","M"
"-123.53","48.57","MALAHAT","1014820","2011-06-25","2011","06","25","","15.7","","8.5","","12.1","","5.9","","0.0","","","M","","M","","M","","","","M","","M"
"-123.53","48.57","MALAHAT","1014820","2011-06-26","2011","06","26","","19.0","","9.2","","14.1","","3.9","","0.0","","","M","","M","","M","","","","M","","M"
"-123.53","48.57","MALAHAT","1014820","2011-06-27","2011","06","27","","17.8","","12.7","","15.3","","2.7","","0.0","","","M","","M","","M","","","","M","","M"
"-123.53","48.57","MALAHAT","1014820","2011-06-28","2011","06","28","","20.6","","13.0","","16.8","","1.2","","0.0","","","M","","M","","M","","","","M","","M"
"-123.53","48.57","MALAHAT","1014820","2011-06-29","2011","06","29","","16.7","","8.9","","12.8","","5.2","","0.0","","","M","","M","","M","","","","M","","M"
"-123.53","48.57","MALAHAT","1014820","2011-06-30","2011","06","30","","15.3","","7.9","","11.6","","6.4","","0.0","","","M","","M","","M","","","","M","","M"
"-123.53","48.57","MALAHAT","1014820","2011-07-01","2011","07","01","","18.5","","9.0","","13.8","","4.2","","0.0","","","M","","M","","M","","","","M","","M"
"-123.53","48.57","MALAHAT","1014820","2011-07-02","2011","07","02","","24.8","","10.7","","17.8","","0.2","","0.0","","","M","","M","","M","","","","M","","M"
"-123.53","48.57","MALAHAT","1014820","2011-07-03","2011","07","03","","19.9","","11.7","","15.8","","2.2","","0.0","","","M","","M","","M","","","","M","","M"
"-123.53","48.57","MALAHAT","1014820","2011-07-04","2011","07","04","","23.7","","10.2","","17.0","","1.0","","0.0","","","M","","M","","M","","","","M","","M"
"-123.53","48.57","MALAHAT","1014820","2011-07-05","2011","07","05","","24.4","","13.8","","19.1","","0.0","","1.1","","","M","","M","","M","","","","M","","M"
"-123.53","48.57","MALAHAT","1014820","2011-07-06","2011","07","06","","26.7","","14.9","","20.8","","0.0","","2.8","","","M","","M","","M","","","","M","","M"
"-123.53","48.57","MALAHAT","1014820","2011-07-07","2011","07","07","","18.3","","9.9","","14.1","","3.9","","0.0","","","M","","M","","M","","","","M","","M"
"-123.53","48.57","MALAHAT","1014820","2011-07-08","2011","07","08","","16.1","","9.1","","12.6","","5.4","","0.0","","","M","","M","","M","","","","M","","M"
"-123.53","48.57","MALAHAT","1014820","2011-07-09","2011","07","09","","20.7","","9.9","","15.3","","2.7","","0.0","","","M","","M","","M","","","","M","","M"
"-123.53","48.57","MALAHAT","1014820","2011-07-10","2011","07","10","","22.0","","13.1","","17.6","","0.4","","0.0","","","M","","M","","M","","","","M","","M"
"-123.53","48.57","MALAHAT","1014820","2011-07-11","2011","07","11","","20.7","","14.3","","17.5","","0.5","","0.0","","","M","","M","","M","","","","M","","M"
"-123.53","48.57","MALAHAT","1014820","2011-07-12","2011","07","12","","19.9","","12.8","","16.4","","1.6","","0.0","","","M","","M","","M","","","","M","","M"
"-123.53","48.57","MALAHAT","1014820","2011-07-13","2011","07","13","","16.7","","11.4","","14.1","","3.9","","0.0","","","M","","M","","M","","","","M","","M"
"-123.53","48.57","MALAHAT","1014820","2011-07-14","2011","07","14","","15.5","","11.1","","13.3","","4.7","","0.0","","","M","","M","","M","","","","M","","M"
"-123.53","48.57","MALAHAT","1014820","2011-07-15","2011","07","15","","17.7","","12.3","","15.0","","3.0","","0.0","","","M","","M","","M","","","","M","","M"
"-123.53","48.57","MALAHAT","1014820","2011-07-16","2011","07","16","","15.7","","12.4","","14.1","","3.9","","0.0","","","M","","M","","M","","","","M","","M"
"-123.53","48.57","MALAHAT","1014820","2011-07-17","2011","07","17","","17.6","","12.1","","14.9","","3.1","","0.0","","","M","","M","","M","","","","M","","M"
"-123.53","48.57","MALAHAT","1014820","2011-07-18","2011","07","18","","19.4","","12.3","","15.9","","2.1","","0.0","","","M","","M","","M","","","","M","","M"
"-123.53","48.57","MALAHAT","1014820","2011-07-19","2011","07","19","","20.0","","12.7","","16.4","","1.6","","0.0","","","M","","M","","M","","","","M","","M"
"-123.53","48.57","MALAHAT","1014820","2011-07-20","2011","07","20","","20.0","","12.1","","16.1","","1.9","","0.0","","","M","","M","","M","","","","M","","M"
"-123.53","48.57","MALAHAT","1014820","2011-07-21","2011","07","21","","18.0","","12.0","","15.0","","3.0","","0.0","","","M","","M","","M","","","","M","","M"
"-123.53","48.57","MALAHAT","1014820","2011-07-22","2011","07","22","","17.5","","10.0","","13.8","","4.2","","0.0","","","M","","M","","M","","","","M","","M"
"-123.53","48.57","MALAHAT","1014820","2011-07-23","2011","07","23","","21.5","","10.6","","16.1","","1.9","","0.0","","","M","","M","","M","","","","M","","M"
"-123.53","48.57","MALAHAT","1014820","2011-07-24","2011","07","24","","26.3","","14.2","","20.3","","0.0","","2.3","","","M","","M","","M","","","","M","","M"
"-123.53","48.57","MALAHAT","1014820","2011-07-25","2011","07","25","","22.1","","12.8","","17.5","","0.5","","0.0","","","M","","M","","M","","","","M","","M"
"-123.53","48.57","MALAHAT","1014820","2011-07-26","2011","07","26","","18.4","","11.0","","14.7","","3.3","","0.0","","","M","","M","","M","","","","M","","M"
"-123.53","48.57","MALAHAT","1014820","2011-07-27","2011","07","27","","21.3","","11.6","","16.5","","1.5","","0.0","","","M","","M","","M","","","","M","","M"
"-123.53","48.57","MALAHAT","1014820","2011-07-28","2011","07","28","","24.5","","13.3","","18.9","","0.0","","0.9","","","M","","M","","M","","","","M","","M"
"-123.53","48.57","MALAHAT","1014820","2011-07-29","2011","07","29","","23.8","","14.2","","19.0","","0.0","","1.0","","","M","","M","","M","","","","M","","M"
"-123.53","48.57","MALAHAT","1014820","2011-07-30","2011","07","30","","27.3","","14.5","","20.9","","0.0","","2.9","","","M","","M","","M","","","","M","","M"
"-123.53","48.57","MALAHAT","1014820","2011-07-31","2011","07","31","","21.3","","12.9","","17.1","","0.9","","0.0","","","M","","M","","M","","","","M","","M"
"-123.53","48.57","MALAHAT","1014820","2011-08-01","2011","08","01","","23.1","","11.8","","17.5","","0.5","","0.0","","","M","","M","","M","","","","M","","M"
"-123.53","48.57","MALAHAT","1014820","2011-08-02","2011","08","02","","24.8","","15.5","","20.2","","0.0","","2.2","","","M","","M","","M","","","","M","","M"
"-123.53","48.57","MALAHAT","1014820","2011-08-03","2011","08","03","","24.2","","14.9","","19.6","","0.0","","1.6","","","M","","M","","M","","","","M","","M"
"-123.53","48.57","MALAHAT","1014820","2011-08-04","2011","08","04","","25.2","","15.9","","20.6","","0.0","","2.6","","","M","","M","","M","","","","M","","M"
"-123.53","48.57","MALAHAT","1014820","2011-08-05","2011","08","05","","21.7","","14.1","","17.9","","0.1","","0.0","","","M","","M","","M","","","","M","","M"
"-123.53","48.57","MALAHAT","1014820","2011-08-06","2011","08","06","","22.9","","13.1","","18.0","","0.0","","0.0","","","M","","M","","M","","","","M","","M"
"-123.53","48.57","MALAHAT","1014820","2011-08-07","2011","08","07","","24.4","","12.7","","18.6","","0.0","","0.6","","","M","","M","","M","","","","M","","M"
"-123.53","48.57","MALAHAT","1014820","2011-08-08","2011","08","08","","23.1","","12.6","","17.9","","0.1","","0.0","","","M","","M","","M","","","","M","","M"
"-123.53","48.57","MALAHAT","1014820","2011-08-09","2011","08","09","","20.8","","11.9","","16.4","","1.6","","0.0","","","M","","M","","M","","","","M","","M"
"-123.53","48.57","MALAHAT","1014820","2011-08-10","2011","08","10","","18.9","","11.1","","15.0","","3.0","","0.0","","","M","","M","","M","","","","M","","M"
"-123.53","48.57","MALAHAT","1014820","2011-08-11","2011","08","11","","20.2","","12.1","","16.2","","1.8","","0.0","","","M","","M","","M","","","","M","","M"
"-123.53","48.57","MALAHAT","1014820","2011-08-12","2011","08","12","","23.2","","12.0","","17.6","","0.4","","0.0","","","M","","M","","M","","","","M","","M"
"-123.53","48.57","MALAHAT","1014820","2011-08-13","2011","08","13","","23.9","","12.2","","18.1","","0.0","","0.1","","","M","","M","","M","","","","M","","M"
"-123.53","48.57","MALAHAT","1014820","2011-08-14","2011","08","14","","","M","12.4","E","","M","","M","","M","","M","","M","","M","","","","M","","M"
"-123.53","48.57","MALAHAT","1014820","2011-08-15","2011","08","15","","","","","","","","","","","","","","","","","","","","","","",""
"-123.53","48.57","MALAHAT","1014820","2011-08-16","2011","08","16","","22.5","E","","M","","M","","M","","M","","M","","M","","M","","","","M","","M"
"-123.53","48.57","MALAHAT","1014820","2011-08-17","2011","08","17","","21.7","","13.5","","17.6","","0.4","","0.0","","","M","","M","","M","","","","M","","M"
"-123.53","48.57","MALAHAT","1014820","2011-08-18","2011","08","18","","22.4","","13.1","","17.8","","0.2","","0.0","","","M","","M","","M","","","","M","","M"
"-123.53","48.57","MALAHAT","1014820","2011-08-19","2011","08","19","","24.1","","13.7","","18.9","","0.0","","0.9","","","M","","M","","M","","","","M","","M"
"-123.53","48.57","MALAHAT","1014820","2011-08-20","2011","08","20","","26.8","","16.2","","21.5","","0.0","","3.5","","","M","","M","","M","","","","M","","M"
"-123.53","48.57","MALAHAT","1014820","2011-08-21","2011","08","21","","29.3","","18.9","","24.1","","0.0","","6.1","","","M","","M","","M","","","","M","","M"
"-123.53","48.57","MALAHAT","1014820","2011-08-22","2011","08","22","","18.9","","13.8","","16.4","","1.6","","0.0","","","M","","M","","M","","","","M","","M"
"-123.53","48.57","MALAHAT","1014820","2011-08-23","2011","08","23","","22.2","","13.8","","18.0","","0.0","","0.0","","","M","","M","","M","","","","M","","M"
"-123.53","48.57","MALAHAT","1014820","2011-08-24","2011","08","24","","22.9","","14.3","","18.6","","0.0","","0.6","","","M","","M","","M","","","","M","","M"
"-123.53","48.57","MALAHAT","1014820","2011-08-25","2011","08","25","","24.1","","15.2","","19.7","","0.0","","1.7","","","M","","M","","M","","","","M","","M"
"-123.53","48.57","MALAHAT","1014820","2011-08-26","2011","08","26","","24.7","","15.9","","20.3","","0.0","","2.3","","","M","","M","","M","","","","M","","M"
"-123.53","48.57","MALAHAT","1014820","2011-08-27","2011","08","27","","24.3","","16.0","","20.2","","0.0","","2.2","","","M","","M","","M","","","","M","","M"
"-123.53","48.57","MALAHAT","1014820","2011-08-28","2011","08","28","","25.9","","15.2","","20.6","","0.0","","2.6","","","M","","M","","M","","","","M","","M"
"-123.53","48.57","MALAHAT","1014820","2011-08-29","2011","08","29","","20.8","","13.3","","17.1","","0.9","","0.0","","","M","","M","","M","","","","M","","M"
"-123.53","48.57","MALAHAT","1014820","2011-08-30","2011","08","30","","20.3","","11.9","","16.1","","1.9","","0.0","","","M","","M","","M","","","","M","","M"
"-123.53","48.57","MALAHAT","1014820","2011-08-31","2011","08","31","","20.8","","9.9","","15.4","","2.6","","0.0","","","M","","M","","M","","","","M","","M"
"-123.53","48.57","MALAHAT","1014820","2011-09-01","2011","09","01","","20.6","","11.8","","16.2","","1.8","","0.0","","","M","","M","","M","","","","M","","M"
"-123.53","48.57","MALAHAT","1014820","2011-09-02","2011","09","02","","19.2","","9.7","","14.5","","3.5","","0.0","","","M","","M","","M","","","","M","","M"
"-123.53","48.57","MALAHAT","1014820","2011-09-03","2011","09","03","","23.3","","12.0","","17.7","","0.3","","0.0","","","M","","M","","M","","","","M","","M"
"-123.53","48.57","MALAHAT","1014820","2011-09-04","2011","09","04","","24.9","","15.1","","20.0","","0.0","","2.0","","","M","","M","","M","","","","M","","M"
"-123.53","48.57","MALAHAT","1014820","2011-09-05","2011","09","05","","24.5","","16.0","","20.3","","0.0","","2.3","","","M","","M","","M","","","","M","","M"
"-123.53","48.57","MALAHAT","1014820","2011-09-06","2011","09","06","","25.9","","15.5","","20.7","","0.0","","2.7","","","M","","M","","M","","","","M","","M"
"-123.53","48.57","MALAHAT","1014820","2011-09-07","2011","09","07","","26.3","","15.9","","21.1","","0.0","","3.1","","","M","","M","","M","","","","M","","M"
"-123.53","48.57","MALAHAT","1014820","2011-09-08","2011","09","08","","27.5","","17.8","","22.7","","0.0","","4.7","","","M","","M","","M","","","","M","","M"
"-123.53","48.57","MALAHAT","1014820","2011-09-09","2011","09","09","","26.2","","17.5","","21.9","","0.0","","3.9","","","M","","M","","M","","","","M","","M"
"-123.53","48.57","MALAHAT","1014820","2011-09-10","2011","09","10","","27.6","","16.0","","21.8","","0.0","","3.8","","","M","","M","","M","","","","M","","M"
"-123.53","48.57","MALAHAT","1014820","2011-09-11","2011","09","11","","26.9","","17.4","","22.2","","0.0","","4.2","","","M","","M","","M","","","","M","","M"
"-123.53","48.57","MALAHAT","1014820","2011-09-12","2011","09","12","","22.5","","14.4","","18.5","","0.0","","0.5","","","M","","M","","M","","","","M","","M"
"-123.53","48.57","MALAHAT","1014820","2011-09-13","2011","09","13","","16.8","","12.0","","14.4","","3.6","","0.0","","","M","","M","","M","","","","M","","M"
"-123.53","48.57","MALAHAT","1014820","2011-09-14","2011","09","14","","16.5","","13.5","","15.0","","3.0","","0.0","","","M","","M","","M","","","","M","","M"
"-123.53","48.57","MALAHAT","1014820","2011-09-15","2011","09","15","","18.2","","10.3","","14.3","","3.7","","0.0","","","M","","M","","M","","","","M","","M"
"-123.53","48.57","MALAHAT","1014820","2011-09-16","2011","09","16","","15.7","","8.2","","12.0","","6.0","","0.0","","","M","","M","","M","","","","M","","M"
"-123.53","48.57","MALAHAT","1014820","2011-09-17","2011","09","17","","15.7","","8.8","","12.3","","5.7","","0.0","","","M","","M","","M","","","","M","","M"
"-123.53","48.57","MALAHAT","1014820","2011-09-18","2011","09","18","","17.6","","9.7","","13.7","","4.3","","0.0","","","M","","M","","M","","","","M","","M"
"-123.53","48.57","MALAHAT","1014820","2011-09-19","2011","09","19","","17.5","","10.6","","14.1","","3.9","","0.0","","","M","","M","","M","","","","M","","M"
"-123.53","48.57","MALAHAT","1014820","2011-09-20","2011","09","20","","18.7","","9.6","","14.2","","3.8","","0.0","","","M","","M","","M","","","","M","","M"
"-123.53","48.57","MALAHAT","1014820","2011-09-21","2011","09","21","","20.0","","13.1","","16.6","","1.4","","0.0","","","M","","M","","M","","","","M","","M"
"-123.53","48.57","MALAHAT","1014820","2011-09-22","2011","09","22","","19.1","","13.0","","16.1","","1.9","","0.0","","","M","","M","","M","","","","M","","M"
"-123.53","48.57","MALAHAT","1014820","2011-09-23","2011","09","23","","22.9","","15.8","","19.4","","0.0","","1.4","","","M","","M","","M","","","","M","","M"
"-123.53","48.57","MALAHAT","1014820","2011-09-24","2011","09","24","","20.6","","13.1","","16.9","","1.1","","0.0","","","M","","M","","M","","","","M","","M"
"-123.53","48.57","MALAHAT","1014820","2011-09-25","2011","09","25","","17.1","","9.2","","13.2","","4.8","","0.0","","","M","","M","","M","","","","M","","M"
"-123.53","48.57","MALAHAT","1014820","2011-09-26","2011","09","26","","12.6","","8.9","","10.8","","7.2","","0.0","","","M","","M","","M","","","","M","","M"
"-123.53","48.57","MALAHAT","1014820","2011-09-27","2011","09","27","","15.1","","8.9","","12.0","","6.0","","0.0","","","M","","M","","M","","","","M","","M"
"-123.53","48.57","MALAHAT","1014820","2011-09-28","2011","09","28","","14.4","","7.9","","11.2","","6.8","","0.0","","","M","","M","","M","","","","M","","M"
"-123.53","48.57","MALAHAT","1014820","2011-09-29","2011","09","29","","17.9","","9.4","","13.7","","4.3","","0.0","","","M","","M","","M","","","","M","","M"
"-123.53","48.57","MALAHAT","1014820","2011-09-30","2011","09","30","","17.2","","9.1","","13.2","","4.8","","0.0","","","M","","M","","M","","","","M","","M"
"-123.53","48.57","MALAHAT","1014820","2011-10-01","2011","10","01","","13.2","","8.5","","10.9","","7.1","","0.0","","","M","","M","","M","","","","M","","M"
"-123.53","48.57","MALAHAT","1014820","2011-10-02","2011","10","02","","11.5","","7.1","","9.3","","8.7","","0.0","","","M","","M","","M","","","","M","","M"
"-123.53","48.57","MALAHAT","1014820","2011-10-03","2011","10","03","","14.5","","8.9","","11.7","","6.3","","0.0","","","M","","M","","M","","","","M","","M"
"-123.53","48.57","MALAHAT","1014820","2011-10-04","2011","10","04","","11.6","","7.5","","9.6","","8.4","","0.0","","","M","","M","","M","","","","M","","M"
"-123.53","48.57","MALAHAT","1014820","2011-10-05","2011","10","05","","10.4","","8.3","","9.4","","8.6","","0.0","","","M","","M","","M","","","","M","","M"
"-123.53","48.57","MALAHAT","1014820","2011-10-06","2011","10","06","","12.2","","7.7","","10.0","","8.0","","0.0","","","M","","M","","M","","","","M","","M"
"-123.53","48.57","MALAHAT","1014820","2011-10-07","2011","10","07","","13.2","","8.8","","11.0","","7.0","","0.0","","","M","","M","","M","","","","M","","M"
"-123.53","48.57","MALAHAT","1014820","2011-10-08","2011","10","08","","12.3","","7.5","","9.9","","8.1","","0.0","","","M","","M","","M","","","","M","","M"
"-123.53","48.57","MALAHAT","1014820","2011-10-09","2011","10","09","","13.5","","6.9","","10.2","","7.8","","0.0","","","M","","M","","M","","","","M","","M"
"-123.53","48.57","MALAHAT","1014820","2011-10-10","2011","10","10","","11.4","","7.8","","9.6","","8.4","","0.0","","","M","","M","","M","","","","M","","M"
"-123.53","48.57","MALAHAT","1014820","2011-10-11","2011","10","11","","11.6","","8.0","","9.8","","8.2","","0.0","","","M","","M","","M","","","","M","","M"
"-123.53","48.57","MALAHAT","1014820","2011-10-12","2011","10","12","","11.6","","7.2","","9.4","","8.6","","0.0","","","M","","M","","M","","","","M","","M"
"-123.53","48.57","MALAHAT","1014820","2011-10-13","2011","10","13","","10.8","","4.7","","7.8","","10.2","","0.0","","","M","","M","","M","","","","M","","M"
"-123.53","48.57","MALAHAT","1014820","2011-10-14","2011","10","14","","10.8","","6.0","","8.4","","9.6","","0.0","","","M","","M","","M","","","","M","","M"
"-123.53","48.57","MALAHAT","1014820","2011-10-15","2011","10","15","","10.0","","3.3","","6.7","","11.3","","0.0","","","M","","M","","M","","","","M","","M"
"-123.53","48.57","MALAHAT","1014820","2011-10-16","2011","10","16","","10.6","","4.0","","7.3","","10.7","","0.0","","","M","","M","","M","","","","M","","M"
"-123.53","48.57","MALAHAT","1014820","2011-10-17","2011","10","17","","11.7","","5.0","","8.4","","9.6","","0.0","","","M","","M","","M","","","","M","","M"
"-123.53","48.57","MALAHAT","1014820","2011-10-18","2011","10","18","","14.4","","6.9","","10.7","","7.3","","0.0","","","M","","M","","M","","","","M","","M"
"-123.53","48.57","MALAHAT","1014820","2011-10-19","2011","10","19","","15.3","","9.1","","12.2","","5.8","","0.0","","","M","","M","","M","","","","M","","M"
"-123.53","48.57","MALAHAT","1014820","2011-10-20","2011","10","20","","12.3","","7.6","","10.0","","8.0","","0.0","","","M","","M","","M","","","","M","","M"
"-123.53","48.57","MALAHAT","1014820","2011-10-21","2011","10","21","","12.0","","7.9","","10.0","","8.0","","0.0","","","M","","M","","M","","","","M","","M"
"-123.53","48.57","MALAHAT","1014820","2011-10-22","2011","10","22","","12.3","","7.4","","9.9","","8.1","","0.0","","","M","","M","","M","","","","M","","M"
"-123.53","48.57","MALAHAT","1014820","2011-10-23","2011","10","23","","11.9","","6.5","","9.2","","8.8","","0.0","","","M","","M","","M","","","","M","","M"
"-123.53","48.57","MALAHAT","1014820","2011-10-24","2011","10","24","","11.0","","5.0","","8.0","","10.0","","0.0","","","M","","M","","M","","","","M","","M"
"-123.53","48.57","MALAHAT","1014820","2011-10-25","2011","10","25","","9.6","","4.1","","6.9","","11.1","","0.0","","","M","","M","","M","","","","M","","M"
"-123.53","48.57","MALAHAT","1014820","2011-10-26","2011","10","26","","6.2","","3.6","","4.9","","13.1","","0.0","","","M","","M","","M","","","","M","","M"
"-123.53","48.57","MALAHAT","1014820","2011-10-27","2011","10","27","","7.7","","3.1","","5.4","","12.6","","0.0","","","M","","M","","M","","","","M","","M"
"-123.53","48.57","MALAHAT","1014820","2011-10-28","2011","10","28","","9.5","","4.4","","7.0","","11.0","","0.0","","","M","","M","","M","","","","M","","M"
"-123.53","48.57","MALAHAT","1014820","2011-10-29","2011","10","29","","10.7","","4.6","","7.7","","10.3","","0.0","","","M","","M","","M","","","","M","","M"
"-123.53","48.57","MALAHAT","1014820","2011-10-30","2011","10","30","","10.8","","5.5","","8.2","","9.8","","0.0","","","M","","M","","M","","","","M","","M"
"-123.53","48.57","MALAHAT","1014820","2011-10-31","2011","10","31","","9.8","","3.0","","6.4","","11.6","","0.0","","","M","","M","","M","","","","M","","M"
"-123.53","48.57","MALAHAT","1014820","2011-11-01","2011","11","01","","6.8","","2.0","","4.4","","13.6","","0.0","","","M","","M","","M","","","","M","","M"
"-123.53","48.57","MALAHAT","1014820","2011-11-02","2011","11","02","","7.4","","1.4","","4.4","","13.6","","0.0","","","M","","M","","M","","","","M","","M"
"-123.53","48.57","MALAHAT","1014820","2011-11-03","2011","11","03","","6.7","","1.8","","4.3","","13.7","","0.0","","","M","","M","","M","","","","M","","M"
"-123.53","48.57","MALAHAT","1014820","2011-11-04","2011","11","04","","6.6","","1.6","","4.1","","13.9","","0.0","","","M","","M","","M","","","","M","","M"
"-123.53","48.57","MALAHAT","1014820","2011-11-05","2011","11","05","","5.0","","1.5","","3.3","","14.7","","0.0","","","M","","M","","M","","","","M","","M"
"-123.53","48.57","MALAHAT","1014820","2011-11-06","2011","11","06","","4.7","","0.6","","2.7","","15.3","","0.0","","","M","","M","","M","","","","M","","M"
"-123.53","48.57","MALAHAT","1014820","2011-11-07","2011","11","07","","4.9","","2.7","","3.8","","14.2","","0.0","","","M","","M","","M","","","","M","","M"
"-123.53","48.57","MALAHAT","1014820","2011-11-08","2011","11","08","","6.4","","4.8","","5.6","","12.4","","0.0","","","M","","M","","M","","","","M","","M"
"-123.53","48.57","MALAHAT","1014820","2011-11-09","2011","11","09","","9.6","","5.2","","7.4","","10.6","","0.0","","","M","","M","","M","","","","M","","M"
"-123.53","48.57","MALAHAT","1014820","2011-11-10","2011","11","10","","12.3","","7.5","","9.9","","8.1","","0.0","","","M","","M","","M","","","","M","","M"
"-123.53","48.57","MALAHAT","1014820","2011-11-11","2011","11","11","","9.0","","1.9","","5.5","","12.5","","0.0","","","M","","M","","M","","","","M","","M"
"-123.53","48.57","MALAHAT","1014820","2011-11-12","2011","11","12","","5.7","","1.3","","3.5","","14.5","","0.0","","","M","","M","","M","","","","M","","M"
"-123.53","48.57","MALAHAT","1014820","2011-11-13","2011","11","13","","6.7","","3.4","","5.1","","12.9","","0.0","","","M","","M","","M","","","","M","","M"
"-123.53","48.57","MALAHAT","1014820","2011-11-14","2011","11","14","","7.9","","1.6","","4.8","","13.2","","0.0","","","M","","M","","M","","","","M","","M"
"-123.53","48.57","MALAHAT","1014820","2011-11-15","2011","11","15","","5.6","","-0.5","","2.6","","15.4","","0.0","","","M","","M","","M","","","","M","","M"
"-123.53","48.57","MALAHAT","1014820","2011-11-16","2011","11","16","","7.6","","0.5","","4.1","","13.9","","0.0","","","M","","M","","M","","","","M","","M"
"-123.53","48.57","MALAHAT","1014820","2011-11-17","2011","11","17","","5.7","","-1.3","","2.2","","15.8","","0.0","","","M","","M","","M","","","","M","","M"
"-123.53","48.57","MALAHAT","1014820","2011-11-18","2011","11","18","","1.2","","-2.3","","-0.6","","18.6","","0.0","","","M","","M","","M","","","","M","","M"
"-123.53","48.57","MALAHAT","1014820","2011-11-19","2011","11","19","","0.9","","-2.8","","-1.0","","19.0","","0.0","","","M","","M","","M","","","","M","","M"
"-123.53","48.57","MALAHAT","1014820","2011-11-20","2011","11","20","","-0.2","","-4.0","","-2.1","","20.1","","0.0","","","M","","M","","M","","","","M","","M"
"-123.53","48.57","MALAHAT","1014820","2011-11-21","2011","11","21","","5.6","","-0.5","","2.6","","15.4","","0.0","","","M","","M","","M","","","","M","","M"
"-123.53","48.57","MALAHAT","1014820","2011-11-22","2011","11","22","","6.6","","1.1","","3.9","","14.1","","0.0","","","M","","M","","M","","","","M","","M"
"-123.53","48.57","MALAHAT","1014820","2011-11-23","2011","11","23","","5.9","","0.8","","3.4","","14.6","","0.0","","","M","","M","","M","","","","M","","M"
"-123.53","48.57","MALAHAT","1014820","2011-11-24","2011","11","24","","4.3","","0.8","","2.6","","15.4","","0.0","","","M","","M","","M","","","","M","","M"
"-123.53","48.57","MALAHAT","1014820","2011-11-25","2011","11","25","","6.1","","1.3","","3.7","","14.3","","0.0","","","M","","M","","M","","","","M","","M"
"-123.53","48.57","MALAHAT","1014820","2011-11-26","2011","11","26","","9.1","","2.4","","5.8","","12.2","","0.0","","","M","","M","","M","","","","M","","M"
"-123.53","48.57","MALAHAT","1014820","2011-11-27","2011","11","27","","11.0","","2.3","","6.7","","11.3","","0.0","","","M","","M","","M","","","","M","","M"
"-123.53","48.57","MALAHAT","1014820","2011-11-28","2011","11","28","","4.6","","1.7","","3.2","","14.8","","0.0","","","M","","M","","M","","","","M","","M"
"-123.53","48.57","MALAHAT","1014820","2011-11-29","2011","11","29","","4.4","","2.0","","3.2","","14.8","","0.0","","","M","","M","","M","","","","M","","M"
"-123.53","48.57","MALAHAT","1014820","2011-11-30","2011","11","30","","4.9","","1.2","","3.1","","14.9","","0.0","","","M","","M","","M","","","","M","","M"
"-123.53","48.57","MALAHAT","1014820","2011-12-01","2011","12","01","","5.1","","0.6","","2.9","","15.1","","0.0","","","M","","M","","M","","","","M","","M"
"-123.53","48.57","MALAHAT","1014820","2011-12-02","2011","12","02","","4.2","","0.9","","2.6","","15.4","","0.0","","","M","","M","","M","","","","M","","M"
"-123.53","48.57","MALAHAT","1014820","2011-12-03","2011","12","03","","5.4","","0.7","","3.1","","14.9","","0.0","","","M","","M","","M","","","","M","","M"
"-123.53","48.57","MALAHAT","1014820","2011-12-04","2011","12","04","","4.2","","0.9","","2.6","","15.4","","0.0","","","M","","M","","M","","","","M","","M"
"-123.53","48.57","MALAHAT","1014820","2011-12-05","2011","12","05","","1.4","","0.3","","0.9","","17.1","","0.0","","","M","","M","","M","","","","M","","M"
"-123.53","48.57","MALAHAT","1014820","2011-12-06","2011","12","06","","3.9","","-0.2","","1.9","","16.1","","0.0","","","M","","M","","M","","","","M","","M"
"-123.53","48.57","MALAHAT","1014820","2011-12-07","2011","12","07","","3.2","","-0.3","","1.5","","16.5","","0.0","","","M","","M","","M","","","","M","","M"
"-123.53","48.57","MALAHAT","1014820","2011-12-08","2011","12","08","","2.2","","-1.1","","0.6","","17.4","","0.0","","","M","","M","","M","","","","M","","M"
"-123.53","48.57","MALAHAT","1014820","2011-12-09","2011","12","09","","4.0","","-1.9","","1.1","","16.9","","0.0","","","M","","M","","M","","","","M","","M"
"-123.53","48.57","MALAHAT","1014820","2011-12-10","2011","12","10","","2.4","","-1.0","","0.7","","17.3","","0.0","","","M","","M","","M","","","","M","","M"
"-123.53","48.57","MALAHAT","1014820","2011-12-11","2011","12","11","","3.4","","-1.4","","1.0","","17.0","","0.0","","","M","","M","","M","","","","M","","M"
"-123.53","48.57","MALAHAT","1014820","2011-12-12","2011","12","12","","2.2","","-1.7","","0.3","","17.7","","0.0","","","M","","M","","M","","","","M","","M"
"-123.53","48.57","MALAHAT","1014820","2011-12-13","2011","12","13","","2.4","","-1.4","","0.5","","17.5","","0.0","","","M","","M","","M","","","","M","","M"
"-123.53","48.57","MALAHAT","1014820","2011-12-14","2011","12","14","","2.0","","0.1","","1.1","","16.9","","0.0","","","M","","M","","M","","","","M","","M"
"-123.53","48.57","MALAHAT","1014820","2011-12-15","2011","12","15","","3.1","","0.8","","2.0","","16.0","","0.0","","","M","","M","","M","","","","M","","M"
"-123.53","48.57","MALAHAT","1014820","2011-12-16","2011","12","16","","5.7","","3.0","","4.4","","13.6","","0.0","","","M","","M","","M","","","","M","","M"
"-123.53","48.57","MALAHAT","1014820","2011-12-17","2011","12","17","","7.3","","3.8","","5.6","","12.4","","0.0","","","M","","M","","M","","","","M","","M"
"-123.53","48.57","MALAHAT","1014820","2011-12-18","2011","12","18","","6.7","","2.9","","4.8","","13.2","","0.0","","","M","","M","","M","","","","M","","M"
"-123.53","48.57","MALAHAT","1014820","2011-12-19","2011","12","19","","4.9","","3.3","","4.1","","13.9","","0.0","","","M","","M","","M","","","","M","","M"
"-123.53","48.57","MALAHAT","1014820","2011-12-20","2011","12","20","","7.1","","2.6","","4.9","","13.1","","0.0","","","M","","M","","M","","","","M","","M"
"-123.53","48.57","MALAHAT","1014820","2011-12-21","2011","12","21","","4.3","","-0.6","","1.9","","16.1","","0.0","","","M","","M","","M","","","","M","","M"
"-123.53","48.57","MALAHAT","1014820","2011-12-22","2011","12","22","","1.9","","-2.0","","-0.1","","18.1","","0.0","","","M","","M","","M","","","","M","","M"
"-123.53","48.57","MALAHAT","1014820","2011-12-23","2011","12","23","","4.2","","0.3","","2.3","","15.7","","0.0","","","M","","M","","M","","","","M","","M"
"-123.53","48.57","MALAHAT","1014820","2011-12-24","2011","12","24","","6.7","","3.6","","5.2","","12.8","","0.0","","","M","","M","","M","","","","M","","M"
"-123.53","48.57","MALAHAT","1014820","2011-12-25","2011","12","25","","6.6","","2.6","","4.6","","13.4","","0.0","","","M","","M","","M","","","","M","","M"
"-123.53","48.57","MALAHAT","1014820","2011-12-26","2011","12","26","","4.1","","1.8","","3.0","","15.0","","0.0","","","M","","M","","M","","","","M","","M"
"-123.53","48.57","MALAHAT","1014820","2011-12-27","2011","12","27","","5.7","","2.2","","4.0","","14.0","","0.0","","","M","","M","","M","","","","M","","M"
"-123.53","48.57","MALAHAT","1014820","2011-12-28","2011","12","28","","9.2","","5.7","","7.5","","10.5","","0.0","","","M","","M","","M","","","","M","","M"
"-123.53","48.57","MALAHAT","1014820","2011-12-29","2011","12","29","","6.7","","2.4","","4.6","","13.4","","0.0","","","M","","M","","M","","","","M","","M"
"-123.53","48.57","MALAHAT","1014820","2011-12-30","2011","12","30","","6.4","","0.6","","3.5","","14.5","","0.0","","","M","","M","","M","","","","M","","M"
"-123.53","48.57","MALAHAT","1014820","2011-12-31","2011","12","31","","2.3","","-0.6","","0.9","","17.1","","0.0","","","M","","M","","M","","","","M","","M"
